{
  "com.liferay.oauth2.provider.configuration.OAuth2ProviderApplicationUserAgentConfiguration~clarity-ticketing-action-oauth-application-user-agent" : {
    ".serviceAddress" : "localhost:58081",
    ".serviceScheme" : "http",
    ":configurator:policy" : "force",
    "baseURL" : "${portalURL}/o/clarity-ticketing-action",
    "buildTimestamp" : 1749071841039,
    "description" : "",
    "dxp.lxc.liferay.com.virtualInstanceId" : "default",
    "homePageURL" : "$[conf:.serviceScheme]://$[conf:.serviceAddress]",
    "name" : "Clarity Ticketing Action OAuth Application User Agent",
    "projectId" : "clarityticketingaction",
    "projectName" : "clarity-ticketing-action",
    "properties" : [ ],
    "scopes" : [ "Liferay.Object.Admin.REST.everything" ],
    "sourceCodeURL" : "",
    "type" : "oAuthApplicationUserAgent",
    "typeSettings" : [ ".serviceAddress=localhost:58081", ".serviceScheme=http", "scopes=Liferay.Object.Admin.REST.everything" ],
    "webContextPath" : "/clarity-ticketing-action"
  },
  "com.liferay.object.internal.configuration.FunctionObjectActionExecutorImplConfiguration~clarity-ticketing-action-object-action-ticket-suggestion" : {
    ":configurator:policy" : "force",
    "baseURL" : "${portalURL}/o/clarity-ticketing-action",
    "buildTimestamp" : 1749071841038,
    "description" : "",
    "dxp.lxc.liferay.com.virtualInstanceId" : "default",
    "name" : "Clarity Ticketing Suggestion",
    "oAuth2ApplicationExternalReferenceCode" : "clarity-ticketing-action-oauth-application-user-agent",
    "projectId" : "clarityticketingaction",
    "projectName" : "clarity-ticketing-action",
    "properties" : [ ],
    "resourcePath" : "/object/action/ticket-suggestion",
    "sourceCodeURL" : "",
    "type" : "objectAction",
    "typeSettings" : [ "oAuth2ApplicationExternalReferenceCode=clarity-ticketing-action-oauth-application-user-agent", "resourcePath=/object/action/ticket-suggestion" ],
    "webContextPath" : "/clarity-ticketing-action"
  }
}