{
  "com.liferay.oauth2.provider.configuration.OAuth2ProviderApplicationHeadlessServerConfiguration~clarity-ticketing-batch-oauth-application-headless-server" : {
    ".serviceAddress" : "localhost:8080",
    ".serviceScheme" : "http",
    ":configurator:policy" : "force",
    "baseURL" : "${portalURL}/o/clarity-ticketing-batch",
    "buildTimestamp" : 1742583142434,
    "description" : "",
    "dxp.lxc.liferay.com.virtualInstanceId" : "default",
    "homePageURL" : "$[conf:.serviceScheme]://$[conf:.serviceAddress]",
    "name" : "Liferay Ticket Batch OAuth Application Headless Server",
    "projectId" : "clarityticketingbatch",
    "projectName" : "clarity-ticketing-batch",
    "properties" : [ ],
    "scopes" : [ "C_Ticket.everything", "Liferay.Headless.Admin.List.Type.everything", "Liferay.Headless.Batch.Engine.everything", "Liferay.Object.Admin.REST.everything" ],
    "sourceCodeURL" : "",
    "type" : "oAuthApplicationHeadlessServer",
    "typeSettings" : [ ".serviceAddress=localhost:8080", ".serviceScheme=http", "scopes=C_Ticket.everything\nLiferay.Headless.Admin.List.Type.everything\nLiferay.Headless.Batch.Engine.everything\nLiferay.Object.Admin.REST.everything" ],
    "webContextPath" : "/clarity-ticketing-batch"
  }
}