{
  "com.liferay.client.extension.type.configuration.CETConfiguration~clarity-ticketing-dashboard-custom-element" : {
    ":configurator:policy" : "force",
    "baseURL" : "${portalURL}/o/clarity-ticketing-custom-element",
    "buildTimestamp" : 1749065193304,
    "description" : "",
    "dxp.lxc.liferay.com.virtualInstanceId" : "default",
    "name" : "Clarity Ticketing Dashboard",
    "projectId" : "clarityticketingcustomelement",
    "projectName" : "clarity-ticketing-custom-element",
    "properties" : [ "defaultScreen=dashboard" ],
    "sourceCodeURL" : "",
    "type" : "customElement",
    "typeSettings" : [ "friendlyURLMapping=clarity-ticketing-dashboard", "instanceable=false", "urls=index-CWnn9SQl.js", "useESM=true", "portletCategoryName=category.client-extensions", "htmlElementName=clarity-ticketing-dashboard" ],
    "webContextPath" : "/clarity-ticketing-custom-element"
  }
}